<?xml version="1.0" encoding="UTF-8"?>
<!DOCTYPE mapper
	PUBLIC "-//mybatis.org//DTD Mapper 3.0//EN"
	"http://mybatis.org/dtd/mybatis-3-mapper.dtd">

<mapper namespace="edu.iot.common.dao.AttachmentDao">
	<!-- where절에 부등호가 없으면 <![CDATA[]>는 생략해도 된다. -->
	<insert id="insert" parameterType="Attachment">
		insert into attachment
		(attachment_id, file_name, location, board_id, reg_date)
		values (attachment_SEQ.NEXTVAL, #{fileName},#{location}, #{boardId}, sysdate)
	</insert>
	
	<select id="getList" parameterType="long" resultType="Attachment">
		select * from attachment
		where board_id=#{boardId}
	</select>
	
	<select id="findById" parameterType="long" resultType="Attachment">
		select * from attachment
		where attachment_id=#{attachmentId}
	</select>
	
	<delete id="delete" parameterType="long">
			delete from attachment
			where attachment_id=#{attachmentId}
	</delete>
	
	<delete id="deleteByBoardId" parameterType="long">
			delete from attachment
			where board_id=#{boardId}
	</delete>
	
</mapper>

