<?xml version="1.0" encoding="UTF-8"?>
<!DOCTYPE mapper
	PUBLIC "-//mybatis.org//DTD Mapper 3.0//EN"
	"http://mybatis.org/dtd/mybatis-3-mapper.dtd">
	
<mapper namespace="edu.iot.common.dao.AvataDao">
	<select id="findById" parameterType="String" resultType="Avata">
		SELECT * FROM avata
		WHERE user_id=#{userId}
	</select>

	<insert id="insert" parameterType="Avata">
		INSERT INTO avata(user_id, image)
		values(#{userId},#{image})
	</insert>

	<update id="update" parameterType="Avata">
		UPDATE avata SET
			image=#{image}
		WHERE user_id=#{userId}
	</update>
	
	<delete id="delete" parameterType="String">
		DELETE FROM avata WHERE user_id=#{userId}
	</delete>
</mapper>