<?xml version="1.0" encoding="UTF-8"?>
<!DOCTYPE mapper
	PUBLIC "-//mybatis.org//DTD Mapper 3.0//EN"
	"http://mybatis.org/dtd/mybatis-3-mapper.dtd">

<mapper namespace="edu.iot.common.dao.PlanDao">
	<!-- where절에 부등호가 없으면 <![CDATA[]>는 생략해도 된다. -->
	<select id="count" resultType="int">
	<![CDATA[
		SELECT count(*)
		FROM plan
	]]></select>
	
	<select id="getList" parameterType="string" resultType="Plan">
		<![CDATA[select * from plan
				where user_id=#{userId}]]>
	</select>
	
	<select id="findById" parameterType="long" resultType="Plan"><![CDATA[
		select * from plan
		where plan_id=#{planId}
	]]></select>
	
	<insert id="insert" parameterType="Plan">
	<![CDATA[
		insert into plan
			(user_Id, plan_id, title, writer, content, reg_date, update_date)
		values(#{userId}, plan_SEQ.NEXTVAL, #{title}, #{writer},#{content},sysdate,sysdate)
	]]>
	</insert>

	<update id="update" parameterType="Plan">
		UPDATE plan SET
		title=#{title},
		content=#{content},
		update_date=sysdate
		WHERE
		plan_id=#{planId}
	</update>

	<delete id="delete" parameterType="long">
		DELETE FROM plan
		WHERE
		plan_id=#{planId}
	</delete>

</mapper>

