<?xml version="1.0" encoding="UTF-8"?>
<!DOCTYPE mapper
	PUBLIC "-//mybatis.org//DTD Mapper 3.0//EN"
	"http://mybatis.org/dtd/mybatis-3-mapper.dtd">

<mapper namespace="edu.iot.common.dao.RestaurantDao">
	<!-- where절에 부등호가 없으면 <![CDATA[]>는 생략해도 된다. -->
	<select id="count" resultType="int">
	<![CDATA[
		SELECT count(*)
		FROM restaurant
	]]></select>


	<select id="getPage" parameterType="map" resultType="Restaurant"><![CDATA[
		SELECT restaurant_id, type, name, main_menu
		FROM(	
			select row_number() over (order by restaurant_id) as seq,
				 restaurant_id, type, name, main_menu
			from restaurant
		)
		where seq between #{start} and #{end}
		order by restaurant_id
	]]></select>

	<insert id="insert" parameterType="Restaurant">
	<![CDATA[
		insert into restaurant
			(restaurant_id, region, type, main_menu, name, address, phone_number)
		values(restaurant_SEQ.NEXTVAL, #{region}, #{type},#{mainMenu},#{name},#{address},#{phoneNumber})
	]]>
	</insert>

	<update id="increaseReadCnt" parameterType="long"><![CDATA[
		update board set
			read_cnt = read_cnt+1
		where board_id=#{boardId}
	]]></update>

	<select id="findById" parameterType="long"
		resultType="Restaurant"><![CDATA[
		select * from restaurant
		where restaurant_id=#{restaurantId}
	]]></select>

	<update id="update" parameterType="Board">
		UPDATE board SET
		title=#{title},
		content=#{content},
		update_date=sysdate
		WHERE
		board_id=#{boardId} and password=#{password}
	</update>

	<delete id="delete" parameterType="long">
		DELETE FROM board
		WHERE
		board_id=#{boardId}
	</delete>
	
	<select id="search" parameterType="Search" resultType="Restaurant"><![CDATA[
		select * from restaurant
		where  type='${category}'
	]]></select>
</mapper>

